lcd_id,lcd_version,reason_change_id,reason_change_version,last_updated,"reason_change_other"
32553,17,82,3,2021-10-15 21:53:18.313000000,"Annual Review"
33252,29,82,3,2020-06-19 22:52:07.837000000,"Revision based on CMS directive"
33256,23,82,3,2019-12-06 14:13:24.040000000,""
33261,40,70,3,2021-05-21 14:22:14.223000000,""
33267,17,82,3,2019-11-21 23:30:58.100000000,"Revision based on CR 10901"
33270,35,82,3,2021-01-15 14:01:43.997000000,"Incorrect statement regarding Prolia route of administration"
33271,15,82,3,2019-11-21 23:23:01.113000000,"Revision based on CR 10901"
33274,36,70,3,2021-01-29 16:06:51.807000000,""
33282,26,72,3,2019-10-02 19:15:09.160000000,""
33282,26,82,3,2019-10-02 19:15:09.160000000,"Revisions based on CRs 10901, 11322, 11333"
33312,34,55,3,2020-03-08 00:06:51.653000000,""
33312,34,82,3,2020-03-08 00:06:51.653000000,""
33317,29,82,3,2020-02-13 14:39:15.130000000,""
33318,47,55,3,2020-02-21 13:50:23.980000000,""
33318,47,82,3,2020-02-21 13:50:23.980000000,""
33369,26,55,3,2020-02-28 20:03:20.503000000,""
33369,26,82,3,2020-02-28 20:03:20.503000000,""
33370,30,55,3,2020-03-27 16:24:57.707000000,""
33370,30,76,3,2020-03-27 16:24:57.707000000,""
33370,30,82,3,2020-03-27 16:24:57.707000000,""
33380,18,72,3,2019-10-02 19:42:02.530000000,""
33380,18,82,3,2019-10-02 19:42:02.530000000,"Revisions based on CR 10901, 11322, 11333"
33382,24,82,3,2019-11-21 23:33:58.507000000,"Revision based on CR 10901"
33393,5,105,3,2019-11-08 19:01:59.910000000,""
33394,44,105,3,2019-11-01 15:45:46.310000000,""
33396,10,105,3,2019-10-18 14:28:55.340000000,""
33398,26,75,3,2020-07-31 18:58:05.080000000,""
33399,14,73,3,2019-12-20 17:21:50.033000000,""
33405,25,82,3,2020-06-19 22:57:32.407000000,"Revision based on CMS directive"
33406,10,82,3,2019-11-22 00:26:13.263000000,"Revision based on CR 10901"
33410,26,55,3,2020-02-27 17:51:27.733000000,""
33410,26,56,3,2020-02-27 17:51:27.733000000,""
33411,29,72,3,2019-10-02 20:01:15.203000000,""
33411,29,82,3,2019-10-02 20:01:15.203000000,"Revisions based on CRs 10901, 11322, 11333"
33413,45,72,3,2019-10-02 20:07:24.117000000,""
33413,45,82,3,2019-10-02 20:07:24.117000000,"Revisions based on CRs 10901, 11322, 11333"
33417,40,55,3,2021-04-05 19:41:21.767000000,""
33418,54,55,3,2020-12-04 13:57:03.743000000,""
33420,41,55,3,2021-02-25 14:46:39.263000000,""
33422,40,55,3,2021-06-04 14:36:33.673000000,""
33423,48,55,3,2021-04-14 13:02:40.903000000,""
33428,53,55,3,2021-07-23 13:55:57.137000000,""
33431,52,55,3,2021-06-10 12:58:35.253000000,""
33436,35,55,3,2021-06-23 12:25:19.393000000,""
33438,43,55,3,2021-06-18 14:59:11.677000000,""
33443,29,55,3,2019-10-14 18:21:14.423000000,""
33444,38,55,3,2021-07-09 17:00:41.297000000,""
33445,71,55,3,2019-10-14 18:32:18.287000000,""
33446,47,55,3,2021-06-18 14:58:02.263000000,""
33447,42,55,3,2021-03-02 20:09:54.300000000,""
33449,36,55,3,2019-11-09 15:55:07.880000000,""
33452,30,55,3,2019-10-14 18:26:53.513000000,""
33455,31,55,3,2021-09-03 12:52:54.543000000,""
33456,68,55,3,2021-07-06 14:33:34.063000000,""
33457,57,55,3,2021-04-12 15:07:54.877000000,""
33458,69,55,3,2021-05-20 13:31:47.383000000,""
33459,37,55,3,2019-10-04 17:48:33.967000000,""
33461,59,55,3,2021-07-09 17:01:32.487000000,""
33467,46,55,3,2021-03-09 17:37:44.003000000,""
33557,45,105,3,2019-09-17 16:49:22.473000000,""
33558,32,105,3,2019-09-11 17:29:09.300000000,""
33559,21,105,3,2019-09-17 16:50:23.070000000,""
33560,31,105,3,2019-09-17 16:51:24.747000000,""
33562,26,105,3,2019-09-06 16:18:05.497000000,""
33563,26,105,3,2019-09-05 13:22:51.263000000,""
33567,27,105,3,2019-09-16 13:37:43.457000000,""
33569,28,55,3,2020-10-08 15:53:51.327000000,""
33573,24,105,3,2019-11-01 14:07:13.787000000,""
33574,37,105,3,2019-09-11 18:25:14.560000000,""
33575,40,105,3,2019-11-14 14:05:41.820000000,""
33576,23,105,3,2019-10-17 19:23:22.703000000,""
33577,43,105,3,2019-09-17 16:54:27.620000000,""
33578,17,105,3,2019-10-04 14:45:57.883000000,""
33579,34,105,3,2019-09-17 16:53:26.217000000,""
33580,40,105,3,2019-12-13 18:21:03.130000000,""
33583,21,72,3,2019-10-02 19:21:14.787000000,""
33583,21,82,3,2019-10-02 19:21:14.787000000,"Revisions based on CRs 10901, 11332, 11333"
33584,21,105,3,2019-10-04 14:09:36.543000000,""
33585,33,105,3,2019-10-18 14:42:07.290000000,""
33591,18,105,3,2019-11-01 15:27:54.277000000,""
33609,14,82,3,2020-12-31 15:54:33.027000000,"Revision based on TDL 200268"
33610,31,73,3,2021-04-22 14:01:49.987000000,""
33611,25,55,3,2021-06-18 15:48:24.730000000,""
33611,25,76,3,2021-06-18 15:48:24.730000000,""
33612,19,55,3,2020-02-14 17:03:37.913000000,""
33612,19,82,3,2020-02-14 17:03:37.913000000,""
33614,26,105,3,2019-11-01 16:14:23.640000000,""
33615,20,82,3,2019-11-21 23:24:56.243000000,"Revision based on CR 10901"
33616,10,105,3,2019-11-14 13:32:11.160000000,""
33618,23,82,3,2019-11-22 00:16:56.627000000,"Revision based on CR 10901"
33619,24,105,3,2019-09-17 20:17:34.223000000,""
33621,15,105,3,2019-09-11 17:43:19.857000000,""
33622,27,55,3,2020-07-24 13:54:45.453000000,""
33623,25,105,3,2019-11-01 14:26:52.597000000,""
33624,33,105,3,2019-11-08 15:59:36.370000000,""
33626,36,105,3,2019-11-08 19:45:29.820000000,""
33627,89,75,3,2020-06-19 13:25:53.090000000,""
33628,33,105,3,2019-09-11 17:49:46.250000000,""
33630,27,105,3,2019-09-05 17:11:46.303000000,""
33631,51,105,3,2019-12-18 19:45:01.450000000,""
33632,76,105,3,2019-11-21 16:04:50.157000000,""
33633,49,105,3,2019-09-17 16:55:58.637000000,""
33636,50,105,3,2019-12-19 15:17:38.253000000,""
33641,21,55,3,2020-02-14 15:56:28.640000000,""
33641,21,82,3,2020-02-14 15:56:28.640000000,""
33642,26,55,3,2021-03-12 14:27:15.643000000,""
33646,39,55,3,2021-04-23 12:46:41.093000000,""
33661,19,82,3,2019-11-22 00:12:50.100000000,"Revision based on CR 10901"
33667,22,72,3,2019-10-02 19:23:35.243000000,""
33667,22,82,3,2019-10-02 19:23:35.260000000,"Revisions based on CRs 10901, 11322, 11333"
33669,22,72,3,2019-10-02 19:25:37.543000000,""
33669,22,82,3,2019-10-02 19:25:37.543000000,"Revisions based on CRs 10901, 11322, 11333"
33671,48,70,3,2021-01-29 19:04:07.853000000,""
33671,48,71,3,2021-01-29 19:04:07.853000000,""
33674,10,82,3,2019-11-21 23:26:33.537000000,"Revision based on CR 10901"
33684,46,82,3,2019-12-08 17:15:14.257000000,""
33685,16,82,3,2019-11-21 23:36:30.333000000,"Revision based on CR 10901"
33686,28,55,3,2020-02-14 20:11:34.137000000,""
33686,28,82,3,2020-02-14 20:11:34.137000000,""
33689,17,82,3,2019-11-22 00:19:52.600000000,"Revision based on CR 10901"
33690,20,82,3,2020-02-13 15:00:35.830000000,""
33692,21,55,3,2021-03-11 17:42:07.383000000,""
33692,21,82,3,2021-03-11 17:42:07.383000000,""
33693,23,82,3,2020-12-09 18:10:27.710000000,"Non Substantive Change"
33695,26,82,3,2019-11-21 23:53:49.523000000,"Revision based on CR10901"
33696,18,72,3,2019-10-02 19:50:12.677000000,""
33696,18,75,3,2019-10-02 19:50:12.677000000,""
33696,18,82,3,2019-10-02 19:50:12.677000000,"Revisions based on CRs 10901, 11322, 11333"
33707,21,82,3,2020-06-19 23:00:27.217000000,"Revisions based on CMS directive"
33718,25,55,3,2021-06-18 18:11:58.953000000,""
33718,25,76,3,2021-06-18 18:11:58.953000000,""
33733,19,82,3,2020-02-13 15:03:55.230000000,""
33735,19,82,3,2020-02-13 15:07:16.460000000,""
33736,20,82,3,2020-02-13 15:23:53.783000000,""
33737,20,55,3,2020-02-14 15:06:48.587000000,""
33737,20,82,3,2020-02-14 15:06:48.587000000,""
33738,18,55,3,2020-02-14 15:20:12.950000000,""
33738,18,82,3,2020-02-14 15:20:12.950000000,""
33739,18,55,3,2020-02-21 15:02:33.607000000,""
33739,18,82,3,2020-02-21 15:02:33.607000000,""
33747,35,73,3,2021-02-05 16:09:11.467000000,""
33751,42,82,3,2021-12-10 18:06:33.100000000,"Inquiry"
33755,22,72,3,2019-10-02 20:04:01.837000000,""
33755,22,82,3,2019-10-02 20:04:01.837000000,"Revisions based on CRs 10901, 11322, 11333"
33756,23,72,3,2019-10-02 20:15:03.390000000,""
33756,23,82,3,2019-10-02 20:15:03.407000000,"Revisions based on CRs 10901, 11322, 11333"
33763,14,72,3,2019-10-02 20:18:49.510000000,""
33763,14,82,3,2019-10-02 20:18:49.510000000,"Revisions based on CRs 10901, 11322, 11333"
33766,25,82,3,2019-11-21 23:29:38.430000000,"Revision based on CR 10901"
33767,36,82,3,2019-10-02 20:36:31.537000000,"Revisions based on CRs 10901, 11412, 11451"
33768,23,72,3,2019-10-02 20:17:13.777000000,""
33768,23,82,3,2019-10-02 20:17:13.777000000,"Revisions based on CRs 10901, 11322, 11333"
33771,42,82,3,2020-10-23 11:48:42.533000000,"To comply with CR 10901 and new GWS template."
33774,15,82,3,2019-12-06 14:18:44.877000000,""
33784,21,82,3,2020-02-14 17:24:42.973000000,""
33785,34,82,3,2020-02-14 17:25:41.913000000,""
33786,16,82,3,2020-02-14 17:26:33.470000000,""
33787,22,55,3,2020-03-07 18:00:31.577000000,""
33787,22,82,3,2020-03-07 18:00:31.577000000,""
33788,15,55,3,2020-02-14 19:47:57.833000000,""
33788,15,82,3,2020-02-14 19:47:57.833000000,""
33789,31,55,3,2020-03-07 17:15:01.053000000,""
33789,31,82,3,2020-03-07 17:15:01.053000000,""
33790,20,55,3,2020-02-28 19:37:39.567000000,""
33790,20,82,3,2020-02-28 19:37:39.567000000,""
33791,15,55,3,2020-02-14 19:36:03.500000000,""
33791,15,82,3,2020-02-14 19:36:03.500000000,""
33792,28,55,3,2020-03-13 17:32:32.113000000,""
33792,28,82,3,2020-03-13 17:32:32.113000000,""
33793,20,73,3,2020-10-09 14:39:09.520000000,""
33794,121,55,3,2021-05-28 14:46:35.063000000,""
33794,121,76,3,2021-05-28 14:46:35.063000000,""
33795,29,82,3,2020-02-13 18:29:06.700000000,""
33796,17,82,3,2020-02-13 18:29:06.910000000,""
33797,28,55,3,2020-06-12 15:28:40.283000000,""
33797,28,76,3,2020-06-12 15:28:40.283000000,""
33799,15,55,3,2020-02-14 17:00:49.880000000,""
33799,15,82,3,2020-02-14 17:00:49.880000000,""
33800,26,76,3,2021-06-18 16:38:25.987000000,""
33801,22,55,3,2020-02-21 17:14:31.460000000,""
33801,22,82,3,2020-02-21 17:14:31.460000000,""
33802,32,55,3,2021-10-01 14:36:00.840000000,""
33802,32,82,3,2021-10-01 14:36:00.840000000,""
33803,39,73,3,2021-04-22 14:02:58.120000000,""
33810,15,82,3,2019-11-23 00:20:15.157000000,"Revision based on CR 10901"
33813,15,82,3,2019-11-22 23:51:45.493000000,"Revision based on CR 10901"
33818,15,82,3,2019-11-22 23:59:45.703000000,"Revision based on CR10901"
33820,21,82,3,2020-02-13 18:29:06.557000000,""
33821,25,55,3,2021-03-11 20:09:09.333000000,""
33821,25,75,3,2021-03-11 20:09:09.333000000,""
33822,31,55,3,2021-05-26 21:58:51.917000000,""
33822,31,76,3,2021-05-26 21:58:51.917000000,""
33823,26,82,3,2020-02-13 14:39:15.050000000,""
33824,29,82,3,2020-02-13 14:39:15.207000000,""
33825,17,82,3,2020-02-13 14:39:15.287000000,""
33826,18,82,3,2020-02-13 14:39:15.350000000,""
33827,45,82,3,2020-02-13 14:39:15.427000000,""
33828,25,73,3,2021-12-20 15:15:03.663000000,""
33829,42,55,3,2020-02-14 16:00:13.290000000,""
33829,42,82,3,2020-02-14 16:00:13.290000000,""
33830,22,55,3,2021-03-12 14:26:36.030000000,""
33831,35,55,3,2021-03-12 14:27:51.740000000,""
33832,16,55,3,2020-02-21 16:56:03.910000000,""
33832,16,82,3,2020-02-21 16:56:03.910000000,""
33833,20,70,3,2021-12-10 13:56:34.113000000,""
33834,18,82,3,2021-09-03 12:08:00.273000000,"Inquiry"
33906,55,75,3,2022-01-14 13:56:33.237000000,""
33907,15,82,3,2021-11-05 13:16:56.767000000,"Revision based on CR 12079"
33908,15,82,3,2019-11-23 00:38:51.780000000,"Revision based on CR 10901"
33909,13,82,3,2019-11-23 00:27:30.970000000,"Revision based on CR 10901"
33910,19,82,3,2021-05-07 11:47:54.100000000,"CMS Change Requests 11700 and 11917"
33912,16,72,3,2019-10-02 20:28:20.253000000,""
33912,16,82,3,2019-10-02 20:28:20.253000000,"Revisions based on CRs 10901, 11332, 11333"
33915,17,82,3,2019-12-06 16:36:05.253000000,""
33922,12,82,3,2019-11-23 00:07:50.503000000,"Revision based on CR10901"
33923,14,72,3,2019-10-02 20:30:45.970000000,""
33923,14,82,3,2019-10-02 20:30:45.970000000,"Revisions based on CRs 10901, 11322"
33924,12,82,3,2019-11-22 23:55:37.823000000,"Revision based on CR10901"
33929,8,82,3,2019-11-23 00:32:07.483000000,"Revision based on CR 10901"
33930,27,82,3,2021-06-04 12:40:22.457000000,"Clarification"
33933,30,82,3,2019-11-23 00:34:54.393000000,"Revision based on CR 10901"
33937,18,82,3,2019-10-25 16:14:15.983000000,"Revision based on CR 10901"
33941,23,72,3,2019-10-02 20:32:12.240000000,""
33941,23,82,3,2019-10-02 20:32:12.240000000,"Revisions based on CRs 10901, 11322"
33942,44,82,3,2021-07-23 21:52:48.760000000,"Annual Review"
33943,20,82,3,2021-11-19 18:19:34.607000000,"Annual Review"
33944,23,82,3,2021-10-15 21:56:16.360000000,"Annual Review"
33945,15,82,3,2021-01-27 21:53:15.477000000,"Annual Review"
33946,13,82,3,2021-10-15 22:02:42.727000000,"Annual Review"
33947,20,82,3,2021-09-22 15:55:26.140000000,"Annual Review"
33949,21,82,3,2021-11-19 19:46:55.067000000,"Annual Review"
33950,33,82,3,2021-11-19 19:49:47.753000000,"Annual Review"
33952,15,82,3,2021-11-19 18:35:36.867000000,"Annual Review"
33954,24,82,3,2021-12-28 23:11:26.440000000,"Annual Review"
33958,14,82,3,2019-10-16 20:45:53.117000000,"Revision based on CR 10901"
33959,32,82,3,2021-10-15 22:12:07.533000000,"Annual Review"
33960,22,82,3,2021-01-27 23:19:49.717000000,"Annual Review"
33961,18,82,3,2019-11-23 00:22:32.397000000,"Revision based on CR 10901"
33966,18,72,3,2019-10-02 20:34:12.770000000,""
33966,18,82,3,2019-10-02 20:34:12.770000000,"Revisions based on CRs 10901, 11322"
33967,25,82,3,2021-02-19 15:26:00.870000000,"IOM Manual change"
33969,15,72,3,2019-10-02 20:20:59.873000000,""
33969,15,82,3,2019-10-02 20:20:59.873000000,"Other revisions based on CRs 10901, 11333"
33974,19,72,3,2019-10-02 20:22:58.790000000,""
33974,19,82,3,2019-10-02 20:22:58.790000000,"Revisions based on CRs 10901, 11333"
33975,25,82,3,2021-07-02 13:38:55.270000000,"Revision based on CR 12254"
33977,18,76,3,2019-10-25 16:34:54.560000000,""
33977,18,82,3,2019-10-25 16:34:54.577000000,"Revisions based on CR 10901"
33979,35,105,3,2019-09-18 20:57:11.653000000,""
33996,28,82,3,2021-07-23 21:08:10.983000000,"Annual Review"
33999,16,82,3,2021-01-22 19:22:35.303000000,"Annual Review"
34002,28,82,3,2021-02-19 15:24:53.690000000,"update to IOM Manual"
34005,28,82,3,2021-01-27 22:00:23.597000000,"Annual Review"
34007,34,82,3,2019-11-22 00:29:24.413000000,"Revision based on CR 10901"
34008,17,82,3,2021-01-27 22:02:56.430000000,"Annual Review"
34010,37,82,3,2020-01-29 22:53:41.370000000,"The LCD is revised to remove CPT/HCPCS codes in the Keyword Section of the LCD.<br />"
34011,17,72,3,2019-10-02 19:32:13.257000000,""
34011,17,82,3,2019-10-02 19:32:13.257000000,"Revisions based on CRs 10901,11322, 11333"
34014,21,72,3,2019-10-02 19:43:38.553000000,""
34014,21,82,3,2019-10-02 19:43:38.553000000,"Revisions based on CRs 10901, 11322, 11333"
34018,18,82,3,2021-11-05 13:37:46.070000000,"Revised in response to CMS CR 12079"
34021,18,82,3,2019-11-21 23:47:16.613000000,"Revision based on CR10901"
34022,27,75,3,2021-12-03 13:42:46.167000000,""
34026,16,82,3,2019-10-02 20:40:16.133000000,"Revisions based on CRs 11402, 11412, 11422, 11451, 11457"
34027,14,82,3,2019-09-18 13:19:44.200000000,"Revisions based on CR 10901"
34028,16,69,3,2021-01-29 16:02:40.830000000,""
34032,29,82,3,2021-09-22 15:57:44.127000000,"Annual Review"
34037,17,82,3,2021-02-24 15:39:27.113000000,"Annual Review"
34038,25,105,3,2019-09-15 01:27:14.653000000,""
34040,24,82,3,2020-01-29 22:45:33.473000000,"The LCD is revised to remove CPT/HCPCS codes in the Keyword Section of the LCD.<br />"
34045,29,82,3,2021-10-15 22:15:09.487000000,"Annual Review"
34046,25,82,3,2021-07-23 21:11:56.207000000,"Annual Review"
34049,31,82,3,2021-05-17 13:28:58.747000000,"Annual Review"
34051,40,75,3,2021-10-22 19:49:29.567000000,""
34055,15,82,3,2021-09-22 20:18:36.160000000,"Annual Review"
34056,23,82,3,2021-09-22 20:43:51.920000000,"Annual Review"
34061,21,82,3,2021-07-23 21:37:08.270000000,"Annual Review"
34062,36,82,3,2021-01-22 19:23:58.893000000,"Annual Review"
34063,14,82,3,2021-07-23 21:13:42.350000000,"Annual Review"
34064,18,82,3,2021-02-24 22:50:14.923000000,"Annual Review"
34074,33,76,3,2020-02-06 01:19:45.127000000,""
34076,20,82,3,2020-01-29 20:57:50.543000000,"The LCD is revised to remove CPT/HCPCS codes in the Keyword Section of the LCD.<br />"
34081,21,82,3,2021-02-24 15:23:57.800000000,"Annual Review"
34082,22,82,3,2021-09-22 20:12:44.500000000,"Annual Review"
34084,19,82,3,2021-08-10 16:52:18.197000000,"Annual Review"
34085,13,82,3,2021-02-24 22:56:27.107000000,"Annual Review"
34087,16,82,3,2021-08-10 16:49:58.267000000,"Annual Review"
34090,15,82,3,2021-03-23 15:17:41.020000000,"Annual Review"
34106,46,75,3,2021-08-04 19:56:50.123000000,""
34149,43,82,3,2020-01-29 20:30:49.877000000,"The LCD is revised to remove CPT/HCPCS codes in the Keyword Section of the LCD.<br />"
34163,29,82,3,2020-01-29 20:38:48.087000000,"The LCD is revised to remove CPT/HCPCS codes in the Keyword Section of the LCD.<br />"
34171,13,82,3,2021-05-18 13:05:35.103000000,"Annual Review"
34175,26,82,3,2021-05-17 16:07:19.433000000,"Annual Review"
34181,22,82,3,2021-05-17 15:57:49.770000000,"Annual Review"
34183,15,82,3,2021-02-24 21:39:28.090000000,"Annual Review"
34194,23,105,3,2019-09-20 16:40:57.403000000,""
34195,22,82,3,2021-04-19 17:21:02.683000000,"Annual Review"
34196,23,82,3,2021-02-24 21:41:39.107000000,"Annual Review"
34200,25,82,3,2021-07-23 21:15:47.827000000,"Annual Review"
34203,16,105,3,2019-09-20 16:33:52.707000000,""
34209,37,82,3,2020-01-29 20:42:10.687000000,"The LCD is revised to remove CPT/HCPCS codes in the Keyword Section of the LCD.<br />"
34211,27,82,3,2020-01-29 20:43:03.090000000,"The LCD is revised to remove CPT/HCPCS codes in the Keyword Section of the LCD.<br />"
34213,51,82,3,2020-05-14 15:17:18.507000000,"Broken Link"
34215,58,55,3,2022-01-12 19:03:46.880000000,""
34218,22,82,3,2020-01-28 16:38:55.783000000,"The LCD is revised to remove CPT/HCPCS codes in the Keyword Section of the LCD."
34220,32,105,3,2019-09-20 21:12:14.553000000,""
34228,51,55,3,2020-11-18 23:26:37.867000000,""
34233,32,105,3,2019-09-18 20:55:51.417000000,""
34246,21,82,3,2021-07-23 21:34:02.233000000,"Annual Review"
34247,37,82,3,2020-01-29 20:28:57.593000000,"The LCD is revised to remove CPT/HCPCS codes in the Keyword Section of the LCD.<br />"
34313,18,72,3,2019-09-18 20:28:46.187000000,""
34313,18,105,3,2019-09-18 20:28:46.187000000,""
34314,47,69,3,2020-02-06 01:07:19.960000000,""
34315,37,82,3,2020-01-27 21:25:52.127000000,"The LCD is revised to remove CPT/HCPCS codes in the Keyword Section of the LCD."
34324,34,105,3,2019-09-19 14:24:50.160000000,""
34328,40,82,3,2020-01-29 20:26:23.833000000,"The LCD is revised to remove CPT/HCPCS codes in the Keyword Section of the LCD.<br />"
34337,19,82,3,2021-08-10 16:45:17.550000000,"Annual Review"
34338,27,82,3,2021-09-22 20:08:45.187000000,"Annual Review"
34353,28,82,3,2021-05-17 14:13:03.987000000,"Annual Review"
34356,22,82,3,2021-02-24 15:27:24.277000000,"Annual Review"
34372,22,82,3,2020-06-19 23:03:18.740000000,"Revision based on CMS directive"
34380,41,105,3,2019-09-11 17:53:42.303000000,""
34393,20,82,3,2021-04-19 17:39:15.930000000,"Annual Review"
34394,23,82,3,2021-09-22 20:21:29.673000000,"Annual Review"
34399,25,82,3,2021-05-17 15:51:45.923000000,"Annual Review"
34410,39,55,3,2021-06-04 14:35:33.197000000,""
34411,46,55,3,2021-05-14 12:08:17.450000000,""
34413,45,55,3,2019-10-04 17:47:19.533000000,""
34415,53,55,3,2019-10-04 17:49:34.100000000,""
34417,52,55,3,2019-10-04 17:49:58.270000000,""
34419,37,55,3,2021-06-01 22:08:40.107000000,""
34422,33,55,3,2021-09-09 12:19:54.730000000,""
34424,40,55,3,2019-10-14 16:59:09.910000000,""
34425,35,55,3,2021-09-03 12:45:42.493000000,""
34426,55,55,3,2021-07-06 14:32:38.990000000,""
34427,78,55,3,2021-03-16 15:14:56.243000000,""
34428,74,55,3,2021-03-15 16:39:44.430000000,""
34429,56,55,3,2021-11-05 15:12:41.050000000,""
34430,46,55,3,2021-07-16 12:59:56.857000000,""
34431,60,55,3,2021-08-02 19:02:20.987000000,""
34433,36,55,3,2021-06-11 15:55:55.610000000,""
34434,58,55,3,2021-06-25 14:46:10.680000000,""
34454,63,55,3,2021-04-20 14:01:08.533000000,""
34512,46,55,3,2021-09-03 12:47:30.193000000,""
34513,38,55,3,2021-03-31 14:18:37.533000000,""
34518,20,82,3,2021-12-03 19:17:38.677000000,"Based on new LCD L39073 becoming effective 12/12/2021"
34519,33,82,3,2021-12-03 13:39:17.443000000,"Revised due to a new related LCD."
34520,32,82,3,2020-06-19 23:06:03.347000000,"Revision based on CMS directive"
34521,7,82,3,2019-11-21 23:42:25.600000000,"Revision based on CR10901"
34522,23,82,3,2019-11-21 23:40:45.057000000,"Revision based on CR10901"
34526,20,82,3,2021-07-20 13:30:00.750000000,"Review"
34528,32,55,3,2021-05-17 16:48:38.520000000,""
34528,32,82,3,2021-05-17 16:48:38.520000000,"(review)"
34536,32,82,3,2021-09-20 13:45:12.407000000,"Review"
34537,45,55,3,2021-09-03 12:52:17.397000000,""
34538,14,82,3,2021-07-23 21:56:06.733000000,"Annual Review"
34539,12,82,3,2021-02-24 22:07:29.333000000,"Annual Review"
34540,11,82,3,2021-08-10 17:03:37.777000000,"Annual Review"
34541,14,82,3,2021-09-22 18:32:04.720000000,"Annual Review"
34544,40,55,3,2019-10-18 16:10:05.053000000,""
34547,33,55,3,2019-10-14 16:55:55.647000000,""
34548,38,55,3,2021-10-29 14:35:49.223000000,""
34549,45,55,3,2021-07-23 13:55:09.363000000,""
34551,28,55,3,2020-02-13 23:45:50.540000000,""
34552,34,55,3,2019-10-25 14:25:00.567000000,""
34553,35,55,3,2021-10-01 12:53:56.967000000,""
34554,29,55,3,2021-02-15 18:20:11.120000000,""
34558,37,55,3,2021-11-03 15:53:34.647000000,""
34559,37,55,3,2019-11-09 15:51:10.627000000,""
34560,70,55,3,2019-10-04 17:40:54.560000000,""
34561,64,55,3,2020-11-24 17:47:59.303000000,""
34562,37,55,3,2019-10-18 16:10:49.140000000,""
34563,41,55,3,2020-11-24 17:47:07.990000000,""
34564,64,55,3,2019-10-14 16:44:11.240000000,""
34565,35,55,3,2019-11-15 15:24:30.147000000,""
34566,34,55,3,2021-10-29 14:30:46.413000000,""
34567,39,55,3,2021-11-01 20:19:28.203000000,""
34570,44,55,3,2019-10-25 15:17:04.433000000,""
34573,22,55,3,2019-10-04 17:44:21.697000000,""
34574,25,55,3,2021-07-16 13:00:39.923000000,""
34575,39,55,3,2020-12-01 21:34:07.787000000,""
34576,56,55,3,2020-12-04 13:55:32.120000000,""
34577,64,55,3,2019-10-29 13:38:05.523000000,""
34578,23,55,3,2019-11-15 15:23:35.093000000,""
34580,49,55,3,2020-08-14 16:02:34.693000000,""
34588,26,82,3,2021-09-20 15:00:22.373000000,"Review"
34594,38,82,3,2021-10-19 13:07:06.107000000,"Review"
34596,48,82,3,2021-09-20 14:32:49.963000000,"Review"
34614,37,82,3,2020-09-21 16:57:50.717000000,"Review"
34615,38,82,3,2021-09-20 14:23:14.700000000,"Review"
34616,36,82,3,2021-12-20 16:24:09.583000000,"Review"
34623,32,82,3,2020-07-22 14:08:32.383000000,"Review"
34624,38,82,3,2021-10-19 12:54:09.030000000,"Review"
34633,47,76,3,2021-06-22 13:24:08.310000000,""
34633,47,82,3,2021-06-22 13:24:08.310000000,""
34635,32,55,3,2021-09-22 13:45:28.613000000,""
34636,34,82,3,2021-10-19 13:49:03.260000000,"Code updates"
34641,20,82,3,2020-07-22 13:45:27.557000000,"Review"
34645,46,82,3,2021-09-20 14:42:13.077000000,"Review"
34646,22,55,3,2020-11-16 20:11:15.970000000,""
34648,26,55,3,2020-08-19 12:45:23.863000000,""
34658,32,82,3,2021-09-20 14:52:12.570000000,"Review"
34659,26,76,3,2020-12-22 18:52:56.310000000,""
34659,26,82,3,2020-12-22 18:52:56.310000000,""
34760,23,82,3,2021-09-20 17:03:51.600000000,"Review"
34761,30,82,3,2021-12-20 14:53:57.963000000,"Compliance with CR 10901"
34771,45,55,3,2020-10-20 14:14:57.247000000,""
34771,45,82,3,2020-10-20 14:14:57.247000000,"Review"
34821,21,55,3,2020-02-21 19:19:45.260000000,""
34821,21,82,3,2020-02-21 19:19:45.260000000,""
34822,28,82,3,2019-11-08 17:27:20.103000000,"CMS Change Request 10901"
34823,27,55,3,2020-02-21 14:37:48.930000000,""
34823,27,82,3,2020-02-21 14:37:48.930000000,""
34824,21,82,3,2020-02-13 15:27:43.927000000,""
34833,94,82,3,2020-08-07 12:16:43.957000000,"Non-substantive revision"
34834,37,82,3,2019-11-01 14:52:22.643000000,"CMS Change Request 10901"
34856,62,82,3,2019-11-01 17:42:59.857000000,"CMS Change Request 10901"
34859,30,72,3,2019-10-02 19:46:25.040000000,""
34859,30,82,3,2019-10-02 19:46:25.040000000,"Revisions based on CRs 10901, 11322, 11333"
34864,42,82,3,2019-11-08 17:25:34.613000000,"CMS Change Request 10901"
34865,72,82,3,2020-06-19 10:56:49.040000000,"Revised in response to CMS direction"
34869,36,55,3,2022-01-18 18:18:07.860000000,""
34869,36,76,3,2022-01-18 18:18:07.860000000,""
34887,44,70,3,2021-12-10 13:47:42.550000000,""
34892,113,82,3,2021-06-04 12:39:47.963000000,"Clarification"
34912,20,73,3,2019-10-04 16:07:01.283000000,""
34912,20,82,3,2019-10-04 16:07:01.283000000,"CRs 10901,  and 11406, 11412, and 11451"
34914,68,82,3,2020-06-19 13:56:54.210000000,"Revised in response to CMS direction"
34924,79,70,3,2020-11-06 12:02:23.097000000,""
34938,68,82,3,2019-09-20 18:03:20.640000000,"CMS Change Request 10901"
34953,27,82,3,2019-10-11 16:52:26.093000000,"CMS Change Request 10901"
34960,55,82,3,2021-05-07 11:49:12.220000000,"Clarification"
34961,48,82,3,2019-11-08 17:28:42.810000000,"CMS Change Request 10901"
34975,67,82,3,2019-10-11 18:19:00.907000000,"CMS Change Request 10901"
34976,34,82,3,2021-05-21 12:52:15.303000000,"revisions to ensure alignment with Other Jurisdictions"
34977,27,82,3,2020-04-24 12:16:28.450000000,"Clarification"
34980,27,75,3,2021-01-12 19:50:08.023000000,""
34982,29,75,3,2021-01-12 19:48:37.883000000,""
34996,33,82,3,2019-11-08 17:34:43.167000000,"CMS Change Request 10901"
34997,18,82,3,2019-10-11 16:58:28.443000000,"CMS Change Request 10901"
34998,28,82,3,2019-09-19 12:50:54.450000000,"changes in response to CMS change request"
35000,133,76,3,2020-05-28 13:31:46.703000000,""
35000,133,82,3,2020-05-28 13:31:46.703000000,"FDA Label"
35001,8,105,3,2019-11-01 15:42:14.847000000,""
35003,61,82,3,2019-11-08 16:55:46.670000000,"CMS Change Request 10901"
35004,23,69,3,2021-01-29 16:01:59.333000000,""
35006,119,82,3,2019-10-11 18:17:50.250000000,"CMS Change Request 10901"
35007,81,82,3,2019-10-11 18:22:46.853000000,"CMS Change Request 10901"
35010,36,82,3,2021-11-12 15:46:10.697000000,"Inquiry"
35011,23,82,3,2019-11-08 16:24:29.087000000,"Changes in response to CMS change request"
35013,36,82,3,2019-09-06 18:24:25.540000000,"Changes in response to CMS Change Request"
35014,39,82,3,2019-09-19 12:49:03.653000000,"CMS Change Request 10901"
35016,36,82,3,2019-10-11 16:55:21.533000000,"CMS Change Request 10901"
35022,67,75,3,2021-05-07 12:09:12.713000000,""
35024,61,55,3,2020-12-30 21:44:24.787000000,""
35025,91,55,3,2019-12-06 18:35:40.513000000,""
35026,69,55,3,2019-11-22 14:10:59.117000000,""
35028,10,105,3,2019-11-08 16:20:57.143000000,""
35032,59,82,3,2019-11-08 17:42:23.923000000,"CMS Change Request 10901"
35035,74,82,3,2019-11-15 16:54:26.680000000,"Change in LCD process per CR 10901"
35036,106,82,3,2019-11-08 18:40:10.627000000,"CMS Change Request 10901"
35038,76,82,3,2021-12-10 18:05:53.990000000,"Inquiry"
35041,113,82,3,2019-09-20 18:02:37.757000000,"CMS Change Request 10901"
35048,76,55,3,2021-07-09 16:59:51.197000000,""
35049,58,82,3,2019-10-11 16:56:43.460000000,"Changes in response to CMS change request"
35050,55,82,3,2021-02-19 15:23:18.943000000,"due to a change in CMS national coverage"
35062,122,82,3,2021-12-03 13:28:39.683000000,"to remove overlapping information due to the new Pharmacogenomics LCD becoming effective"
35068,24,82,3,2019-11-15 17:00:13.407000000,"CMS Change Request 10901"
35070,76,75,3,2020-08-06 16:33:38.560000000,""
35070,76,82,3,2020-08-06 16:33:38.560000000,"non-substantive revision to correct a typographical error"
35073,46,55,3,2021-09-29 20:45:09.623000000,""
35074,32,55,3,2021-02-19 18:16:09.413000000,""
35074,32,76,3,2021-02-19 18:16:09.413000000,""
35075,34,105,3,2019-11-01 15:17:17.093000000,""
35076,56,55,3,2020-02-07 19:21:07.047000000,""
35076,56,76,3,2020-02-07 19:21:07.047000000,""
35080,51,55,3,2021-02-19 18:31:03.040000000,""
35080,51,76,3,2021-02-19 18:31:03.040000000,""
35081,79,82,3,2019-10-25 17:28:24.583000000,"CMS Change Request 10901"
35083,96,70,3,2021-03-05 13:46:35.803000000,""
35084,74,82,3,2021-11-12 15:48:15.197000000,"Inquiry Clarification"
35089,30,82,3,2019-11-15 16:20:23.373000000,"CMS Change Request 10901"
35090,78,69,3,2021-05-21 12:15:00.793000000,""
35091,103,82,3,2021-09-03 12:16:56.483000000,"In response to an inquiry"
35092,78,82,3,2019-11-01 17:44:07.047000000,"CMS Change Request 10901"
35093,100,82,3,2019-11-08 16:56:39.963000000,"Change Request 10901"
35098,27,105,3,2019-11-14 14:03:36.923000000,""
35099,60,82,3,2019-11-01 17:44:51.747000000,"CMS Change Request 10901"
35101,125,82,3,2020-06-19 10:55:02.680000000,"Revised in response to CMS direction."
35111,76,82,3,2020-02-07 16:03:15.053000000,"Documentation Clarification"
35112,59,82,3,2019-11-08 16:51:36.757000000,"CMS Change Request 10901"
35121,29,82,3,2021-10-19 14:14:10.480000000,"Review"
35124,21,82,3,2021-10-19 12:47:58.287000000,"Review"
35125,76,82,3,2020-07-17 14:14:30.997000000,"revision to update current information"
35130,66,82,3,2021-05-21 12:53:05.017000000,"revisions to ensure alignment with Other Jurisdictions"
35132,47,55,3,2021-09-23 12:57:34.473000000,""
35136,33,82,3,2020-01-29 20:35:38.557000000,"The LCD is revised to remove CPT/HCPCS codes in the Keyword Section of the LCD.<br />"
35138,43,82,3,2019-10-11 16:53:44.467000000,"CMS Change Request 10901"
35160,53,82,3,2020-01-29 18:32:07.347000000,"The LCD is revised to remove CPT/HCPCS codes in the Keyword Section of the LCD.<br />"
35162,65,82,3,2020-03-13 14:29:59.417000000,"Changes to the CFR"
35163,23,75,3,2020-04-02 17:39:30.017000000,""
35170,49,105,3,2019-09-19 17:28:06.380000000,""
35172,62,105,3,2019-09-19 17:24:33.673000000,""
35175,63,82,3,2020-01-29 22:39:43.940000000,"The LCD is revised to remove CPT/HCPCS codes in the Keyword Section of the LCD.<br />"
35222,23,82,3,2021-12-20 14:32:16.807000000,"Review"
35249,15,82,3,2021-04-19 17:25:27.863000000,"Annual Review"
35349,29,82,3,2021-06-28 16:36:37.013000000,"Annual review"
35350,60,82,3,2019-10-11 18:49:35.610000000,"Changes in response to CMS change request."
35360,57,82,3,2020-06-19 13:58:31.577000000,"Revised in response to CMS direction"
35391,17,82,3,2019-11-08 17:33:55.577000000,"CMS Change Request 10901"
35395,48,82,3,2019-11-08 16:26:43.600000000,"CMS Change Request 10901"
35396,208,75,3,2020-10-30 15:45:48.167000000,""
35397,64,82,3,2019-10-11 18:48:57.777000000,"CMS Change Request 10901"
35408,26,82,3,2019-10-25 16:39:17.250000000," CMS Change Request 10901"
35409,64,82,3,2019-10-11 16:59:09.633000000,"CMS Change Request 10901"
35427,72,82,3,2019-10-25 16:40:52.003000000,"changes in response to CR11422"
35428,83,67,3,2020-04-03 13:04:56.453000000,""
35433,36,82,3,2019-11-08 17:44:29.863000000,"CMS Change Request 10901"
35434,30,82,3,2019-10-11 16:54:43.247000000,"CMS change request"
35442,21,55,3,2021-09-13 22:48:05.627000000,""
35448,86,82,3,2021-05-07 11:42:29.947000000,"CMS Change Requests 11700 and 11917"
35450,41,82,3,2019-09-20 18:16:08.033000000,"Provider request<br />"
35451,48,82,3,2020-12-11 14:21:48.337000000,"Non-Substantive Change"
35456,55,82,3,2020-01-29 20:21:53.270000000,"The LCD is revised to remove CPT/HCPCS codes in the Keyword Section of the LCD.<br />"
35457,51,82,3,2020-01-29 22:40:53.610000000,"The LCD is revised to remove CPT/HCPCS codes in the Keyword Section of the LCD.<br />"
35486,18,82,3,2021-10-19 12:33:19.937000000,"Review"
35490,64,82,3,2021-12-20 15:39:03.003000000,"Annual CPT/HCPCS Code updates"
35494,24,55,3,2020-12-22 15:53:19.607000000,""
35494,24,82,3,2020-12-22 15:53:19.607000000,"Review"
35498,26,82,3,2021-10-19 12:41:46.990000000,"Review"
35526,33,105,3,2019-09-13 03:47:37.470000000,""
35632,38,55,3,2020-12-10 21:41:20.687000000,""
35677,84,55,3,2021-07-29 13:51:23.113000000,""
35702,26,82,3,2020-01-28 20:17:15.043000000,"The LCD is revised to remove CPT/HCPCS codes in the Keyword Section of the LCD."
35704,21,82,3,2020-01-29 21:20:30.210000000,"The LCD is revised to remove CPT/HCPCS codes in the Keyword Section of the LCD.<br />"
35724,68,55,3,2021-03-31 14:20:04.857000000,""
35751,39,55,3,2022-01-19 14:25:01.257000000,""
35751,39,82,3,2022-01-19 14:25:01.257000000,"Review"
35753,35,82,3,2021-09-20 15:58:25.990000000,""
35755,31,82,3,2021-10-19 13:57:49.807000000,""
35761,36,82,3,2021-09-20 16:53:02.483000000,"Review completed"
35891,29,82,3,2021-03-23 15:15:49.487000000,"Annual Review"
35897,27,82,3,2021-04-19 17:36:17.457000000,"Annual Review"
35906,20,82,3,2021-03-22 20:09:20.697000000,"Annual review"
35922,30,55,3,2020-12-15 15:31:45.677000000,""
35936,41,55,3,2021-04-30 17:28:55.343000000,""
35936,41,75,3,2021-04-30 17:28:55.343000000,""
35974,28,55,3,2021-10-07 21:10:52.947000000,""
35984,17,60,3,2021-08-04 17:26:36.103000000,""
35986,21,82,3,2021-07-01 00:06:04.300000000,"Annual Review"
35998,32,82,3,2021-10-19 14:25:35.427000000,""
36000,15,82,3,2020-06-15 15:34:07.967000000,"Review"
36006,23,82,3,2021-04-16 11:47:31.570000000,"Annual REview"
36007,65,82,3,2019-11-08 17:26:40.903000000,"CMS Change Request 10901"
36021,44,82,3,2021-09-16 12:19:31.140000000,"Annual review"
36029,36,82,3,2021-06-09 18:13:16.280000000,"Annual Review"
36035,26,82,3,2019-11-22 00:07:56.417000000,"Revision based on CR 10901"
36037,46,105,3,2019-09-20 14:42:24.517000000,""
36039,10,105,3,2019-10-04 17:35:49.937000000,""
36044,53,55,3,2021-06-24 19:14:59.870000000,""
36082,66,55,3,2021-04-22 13:47:01.793000000,""
36089,27,55,3,2021-08-04 20:39:33.027000000,""
36094,55,55,3,2022-01-13 17:44:14.053000000,""
36113,20,55,3,2021-10-05 21:48:18.447000000,""
36117,29,55,3,2021-06-25 21:12:24.727000000,""
36125,40,55,3,2021-04-15 20:45:38.147000000,""
36129,50,82,3,2021-04-13 18:12:20.460000000,""
36139,27,82,3,2021-07-08 16:49:35.613000000,""
36155,20,55,3,2021-08-05 23:29:03.823000000,""
36159,19,55,3,2021-08-05 23:37:07.867000000,""
36161,37,55,3,2022-01-10 21:17:44.170000000,""
36163,28,55,3,2022-01-10 21:06:26.093000000,""
36180,29,82,3,2020-01-29 18:09:59.457000000,"The LCD is revised to remove CPT/HCPCS codes in the Keyword Section of the LCD.<br />"
36186,28,82,3,2020-01-29 22:03:23.940000000,"The LCD is revised to remove CPT/HCPCS codes in the Keyword Section of the LCD."
36188,23,55,3,2021-10-05 14:20:15.097000000,""
36192,22,55,3,2021-10-05 14:21:40.297000000,""
36204,22,82,3,2020-01-29 22:49:03.100000000,"The LCD is revised to remove CPT/HCPCS codes in the Keyword Section of the LCD.<br />"
36230,19,82,3,2019-11-22 00:15:36.610000000,"Revision based on CR 10901"
36234,17,82,3,2019-11-22 00:06:47.327000000,"Revision based on CR 10901"
36236,17,105,3,2019-09-06 16:08:12.510000000,""
36237,12,82,3,2019-11-21 23:56:40.170000000,"Revision based on CR 10901"
36238,11,82,3,2019-11-21 23:39:21.070000000,"Revision based on CR10901"
36240,54,70,3,2021-05-21 14:35:53.310000000,""
36241,98,70,3,2021-05-21 14:21:28.047000000,""
36256,48,82,3,2020-01-29 22:12:12.480000000,"The LCD is revised to remove CPT/HCPCS codes in the Keyword Section of the LCD.<br />"
36267,36,73,3,2021-12-20 15:51:51.030000000,""
36276,39,82,3,2021-10-22 13:58:46.860000000,"Revision based on CR 12079"
36286,21,105,3,2019-09-20 16:42:08.537000000,""
36327,29,55,3,2020-12-03 16:36:48.347000000,""
36329,29,55,3,2020-12-03 16:40:15.457000000,""
36335,22,55,3,2021-11-04 19:14:48.933000000,""
36339,21,55,3,2021-11-04 19:16:14.027000000,""
36351,33,75,3,2020-12-21 13:50:40.650000000,""
36353,31,55,3,2020-12-09 17:17:55.437000000,""
36356,41,82,3,2019-09-18 22:09:09.700000000,"Updates to Social Security Act (Title XVIII) Standard References"
36358,36,82,3,2022-01-13 17:57:24.097000000,""
36362,31,82,3,2022-01-13 17:58:53.390000000,""
36370,27,55,3,2020-12-22 20:14:22.707000000,""
36374,23,55,3,2020-12-22 20:16:02.383000000,""
36377,7,82,3,2019-11-21 23:58:14.330000000,"Revision based on CR 10901"
36380,26,55,3,2021-04-14 12:02:43.813000000,""
36386,23,55,3,2021-04-14 12:01:56.970000000,""
36393,37,72,3,2019-10-02 19:18:06.770000000,""
36393,37,82,3,2019-10-02 19:18:06.783000000,"Revisions based on CRs 10901, 11322, 11333"
36400,16,82,3,2021-08-03 18:56:30.013000000,"Review"
36402,31,82,3,2020-11-18 17:13:47.470000000,"Review"
36406,9,82,3,2019-10-18 14:29:40.360000000,""
36408,29,82,3,2021-09-20 14:14:31.223000000,"Review"
36425,16,55,3,2021-04-16 12:43:02.697000000,""
36427,38,55,3,2021-10-22 15:53:35.433000000,""
36456,22,55,3,2021-04-21 14:19:02.310000000,""
36460,23,82,3,2021-12-28 23:08:17.490000000,"Annual Review"
36464,24,55,3,2021-06-30 21:57:01.210000000,""
36469,13,82,3,2021-12-29 19:58:13.947000000,"Annual Review"
36485,17,55,3,2021-06-30 12:47:35.687000000,""
36494,13,82,3,2021-12-29 19:54:36.397000000,"Annual Review"
36499,24,82,3,2020-12-04 13:15:03.620000000,"Clarification - language related"
36523,29,82,3,2021-04-13 13:57:15.717000000,""
36524,36,82,3,2020-01-29 20:22:52.217000000,"The LCD is revised to remove CPT/HCPCS codes in the Keyword Section of the LCD.<br />"
36526,28,82,3,2020-01-29 22:41:46.553000000,"The LCD is revised to remove CPT/HCPCS codes in the Keyword Section of the LCD.<br />"
36538,18,82,3,2020-01-29 20:40:26.510000000,"The LCD is revised to remove CPT/HCPCS codes in the Keyword Section of the LCD.<br />"
36544,17,55,3,2021-07-08 13:39:48.227000000,""
36551,18,55,3,2021-07-08 13:39:02.980000000,""
36569,18,82,3,2020-01-29 22:52:01.220000000,"The LCD is revised to remove CPT/HCPCS codes in the Keyword Section of the LCD.<br />"
36573,16,82,3,2020-01-29 22:50:38.497000000,"The LCD is revised to remove CPT/HCPCS codes in the Keyword Section of the LCD.<br />"
36575,17,82,3,2020-01-29 20:39:33.307000000,"The LCD is revised to remove CPT/HCPCS codes in the Keyword Section of the LCD.<br />"
36577,16,82,3,2020-01-29 22:51:18.210000000,"The LCD is revised to remove CPT/HCPCS codes in the Keyword Section of the LCD.<br />"
36593,31,55,3,2021-10-07 13:45:59.237000000,""
36658,16,82,3,2021-09-22 18:38:23.670000000,"Annual review"
36665,19,55,3,2021-12-22 20:08:14.763000000,""
36668,37,55,3,2021-03-30 17:18:24.457000000,""
36675,15,55,3,2022-01-19 23:10:30.310000000,""
36678,30,55,3,2021-02-23 16:10:52.307000000,""
36680,25,55,3,2021-02-23 16:23:31.653000000,""
36690,29,82,3,2020-08-25 14:57:23.207000000,"Annual Review"
36692,24,75,3,2021-10-22 19:49:06.367000000,""
36700,15,82,3,2020-01-29 22:48:18.007000000,"The LCD is revised to remove CPT/HCPCS codes in the Keyword Section of the LCD.<br />"
36702,16,82,3,2020-01-29 20:33:22.973000000,"The LCD is revised to remove CPT/HCPCS codes in the Keyword Section of the LCD.<br />"
36704,20,55,3,2021-12-20 22:57:37.053000000,""
36706,20,55,3,2021-12-20 23:03:16.400000000,""
36707,33,55,3,2021-03-30 17:05:24.380000000,""
36711,51,82,3,2021-02-19 13:26:51.767000000,"non-discretionary coverage update CMS Change Request 12120, Transmittal 10541"
36715,54,82,3,2020-12-04 13:19:16.013000000,"Clarification"
36761,17,55,3,2021-02-24 18:55:39.287000000,""
36763,27,55,3,2021-03-25 15:04:59.567000000,""
36767,27,72,3,2019-10-02 19:08:24.057000000,""
36767,27,82,3,2019-10-02 19:08:24.057000000,"Revisions based on CR 10901"
36773,20,82,3,2019-12-06 14:16:59.603000000,""
36793,19,75,3,2021-02-16 18:11:20.850000000,""
36793,19,82,3,2021-02-16 18:11:20.850000000,""
36797,18,82,3,2021-09-28 14:56:56.753000000,"Review"
36805,16,55,3,2020-12-22 16:41:49.100000000,""
36807,41,82,3,2021-12-20 13:59:49.450000000,"Review"
36811,12,55,3,2021-04-13 13:45:10.903000000,""
36813,22,55,3,2021-04-20 12:43:44.267000000,""
36815,21,82,3,2021-06-22 12:56:41.930000000,"(review)"
36827,25,55,3,2021-03-26 18:16:34.983000000,""
36831,34,105,3,2019-10-11 13:23:42.763000000,""
36839,19,82,3,2021-07-20 13:39:38.297000000,"Review"
36846,17,82,3,2020-01-28 18:30:59.233000000,"The LCD is revised to remove CPT/HCPCS codes in the Keyword Section of the LCD."
36850,24,105,3,2019-11-15 15:50:43.287000000,""
36854,19,55,3,2019-10-25 15:10:08.520000000,""
36857,16,82,3,2020-01-29 21:18:46.290000000,"The LCD is revised to remove CPT/HCPCS codes in the Keyword Section of the LCD.<br />"
36859,17,82,3,2020-01-29 22:54:36.667000000,"The LCD is revised to remove CPT/HCPCS codes in the Keyword Section of the LCD.<br />"
36861,15,82,3,2020-01-29 20:27:59.137000000,"The LCD is revised to remove CPT/HCPCS codes in the Keyword Section of the LCD.<br />"
36864,18,57,3,2021-02-23 20:12:50.740000000,""
36866,17,55,3,2021-02-23 20:13:52.303000000,""
36868,24,82,3,2020-05-14 15:19:04.443000000,"Broken Link"
36882,25,55,3,2021-03-22 14:18:34.070000000,""
36884,21,55,3,2021-03-22 14:19:23.973000000,""
36886,13,82,3,2020-01-29 20:09:10.740000000,"The LCD is revised to remove CPT/HCPCS codes in the Keyword Section of the LCD.<br />"
36889,24,72,3,2019-09-19 19:13:10.843000000,""
36889,24,105,3,2019-09-19 19:13:10.843000000,""
36891,13,82,3,2020-01-29 22:32:51.550000000,"The LCD is revised to remove CPT/HCPCS codes in the Keyword Section of the LCD.<br />"
36902,11,82,3,2021-01-22 19:59:59.970000000,"Annual Review"
36906,15,82,3,2021-03-19 18:04:52.117000000,"Annual review"
36908,12,82,3,2020-11-30 22:00:47.533000000,"Annual Review"
36910,16,55,3,2021-03-26 13:41:36.163000000,""
36912,30,55,3,2021-12-01 21:16:30.203000000,""
36920,88,75,3,2022-01-14 13:49:32.013000000,""
36941,21,55,3,2021-12-21 19:38:30.373000000,""
36947,20,55,3,2021-12-21 19:42:33.753000000,""
36951,16,55,3,2021-11-16 17:57:45.727000000,""
36962,19,82,3,2019-10-02 20:38:41.620000000,"Revisions based on CRs 11402, 11412, 11422, 11451"
36975,17,55,3,2021-03-04 18:20:04.690000000,""
36979,12,55,3,2021-03-26 18:57:57.343000000,""
37001,17,82,3,2021-10-05 11:46:42.687000000,"Review"
37003,10,55,3,2021-06-29 19:14:45.447000000,""
37005,16,82,3,2020-11-18 13:18:41.520000000,"Review"
37011,18,82,3,2021-09-20 13:51:58.733000000,""
37013,12,82,3,2021-09-20 13:35:06.793000000,""
37015,21,82,3,2020-05-19 12:02:49.877000000,"(review)"
37020,19,75,3,2020-04-02 17:40:22.913000000,""
37022,25,55,3,2021-02-15 18:17:03.363000000,""
37027,11,105,3,2019-09-20 16:35:41.287000000,""
37031,33,55,3,2021-04-13 21:51:45.007000000,""
37033,28,55,3,2021-06-30 21:55:44.163000000,""
37054,13,105,3,2019-10-07 20:13:02.023000000,""
37062,13,105,3,2019-10-07 20:17:23.293000000,""
37066,28,55,3,2021-02-15 15:34:26.443000000,""
37068,22,55,3,2021-02-15 15:35:00.470000000,""
37070,23,55,3,2021-06-29 19:17:40.137000000,""
37072,19,55,3,2021-06-29 19:19:13.510000000,""
37086,17,82,3,2020-01-29 20:29:51.460000000,"The LCD is revised to remove CPT/HCPCS codes in the Keyword Section of the LCD.<br />"
37088,12,82,3,2020-01-29 22:46:23.830000000,"The LCD is revised to remove CPT/HCPCS codes in the Keyword Section of the LCD.<br />"
37120,11,82,3,2020-01-28 20:21:57.583000000,"The LCD is revised to remove CPT/HCPCS codes in the Keyword Section of the LCD."
37122,11,82,3,2020-01-29 21:22:47.490000000,"The LCD is revised to remove CPT/HCPCS codes in the Keyword Section of the LCD.<br />"
37126,17,82,3,2021-05-17 16:13:22.567000000,"Annual Review"
37130,15,55,3,2021-06-30 23:30:50.180000000,""
37134,17,55,3,2021-04-16 12:38:39.493000000,""
37166,22,82,3,2020-07-22 20:49:29.197000000,"Revisions based on review"
37176,50,55,3,2021-11-01 14:58:20.840000000,""
37195,11,82,3,2021-10-19 14:36:04.633000000,"Review"
37199,12,82,3,2021-10-19 13:35:19.013000000,"Review"
37205,11,82,3,2021-12-20 14:24:39.283000000,"Review"
37210,15,82,3,2021-06-29 19:23:29.107000000,"compliance with CR10901"
37216,21,82,3,2021-09-20 13:27:58.193000000,""
37224,18,55,3,2021-03-22 19:18:11.570000000,""
37228,14,82,3,2021-01-20 14:00:05.673000000,""
37244,33,55,3,2019-10-02 19:29:51.267000000,""
37244,33,76,3,2019-10-02 19:29:51.267000000,""
37254,11,82,3,2021-01-27 21:55:17.807000000,"Annual Review"
37260,20,55,3,2021-02-18 21:38:29.917000000,""
37264,21,55,3,2021-05-13 21:21:12.460000000,""
37281,17,105,3,2019-09-20 21:25:28.723000000,""
37283,16,82,3,2020-01-29 20:51:03.113000000,"The LCD is revised to remove CPT/HCPCS codes in the Keyword Section of the LCD.<br />"
37293,19,82,3,2020-01-29 22:47:39.533000000,"The LCD is revised to remove CPT/HCPCS codes in the Keyword Section of the LCD.<br />"
37295,21,55,3,2021-05-19 19:25:56.567000000,""
37295,21,56,3,2021-05-19 19:25:56.567000000,""
37295,21,57,3,2021-05-19 19:25:56.567000000,""
37295,21,58,3,2021-05-19 19:25:56.567000000,""
37295,21,59,3,2021-05-19 19:25:56.567000000,""
37295,21,60,3,2021-05-19 19:25:56.567000000,""
37295,21,61,3,2021-05-19 19:25:56.567000000,""
37295,21,62,3,2021-05-19 19:25:56.567000000,""
37295,21,63,3,2021-05-19 19:25:56.567000000,""
37295,21,64,3,2021-05-19 19:25:56.567000000,""
37295,21,65,3,2021-05-19 19:25:56.567000000,""
37295,21,66,3,2021-05-19 19:25:56.567000000,""
37295,21,67,3,2021-05-19 19:25:56.567000000,""
37295,21,68,3,2021-05-19 19:25:56.567000000,""
37295,21,69,3,2021-05-19 19:25:56.567000000,""
37299,21,55,3,2021-02-15 21:17:32.913000000,""
37301,15,105,3,2019-09-24 14:33:52.047000000,""
37311,20,55,3,2021-05-19 20:43:29.540000000,""
37313,19,55,3,2021-02-15 21:19:44.920000000,""
37315,11,105,3,2019-09-24 14:35:57.330000000,""
37348,13,82,3,2020-12-14 22:05:02.017000000,"Annual Review"
37350,20,55,3,2021-11-04 18:00:43.810000000,""
37352,17,55,3,2021-02-26 00:21:13.357000000,""
37356,12,55,3,2021-05-13 20:20:58.193000000,""
37360,17,82,3,2020-01-29 22:44:12.943000000,"The LCD is revised to remove CPT/HCPCS codes in the Keyword Section of the LCD.<br />"
37364,19,82,3,2021-11-19 18:26:47.413000000,"Annual Review"
37368,18,55,3,2021-11-04 18:02:19.687000000,""
37371,42,82,3,2019-11-15 16:21:01.760000000,"CMS Change Request 10901"
37373,37,82,3,2020-01-29 20:20:55.817000000,"The LCD is revised to remove CPT/HCPCS codes in the Keyword Section of the LCD.<br />"
37379,37,55,3,2021-06-03 19:36:43.690000000,""
37387,21,55,3,2021-09-03 12:51:33.440000000,""
37398,21,82,3,2019-11-21 23:55:13.177000000,"Revision based on CR10901"
37421,17,55,3,2021-02-19 18:46:35.077000000,""
37421,17,76,3,2021-02-19 18:46:35.077000000,""
37475,17,105,3,2019-09-20 14:41:33.607000000,""
37485,14,55,3,2020-06-05 13:08:34.510000000,""
37502,18,105,3,2019-09-20 19:50:38.640000000,""
37504,16,105,3,2019-09-20 20:06:01.530000000,""
37531,14,55,3,2019-12-20 15:48:20.143000000,""
37535,18,75,3,2021-09-24 12:10:19.097000000,""
37537,14,82,3,2020-09-22 16:01:05.577000000,"Change in Assigned States of Affiliated Contract Numbers"
37539,11,82,3,2021-02-16 16:39:14.327000000,"Review"
37547,13,82,3,2020-01-27 19:47:40.813000000,"The LCD is revised to remove CPT/HCPCS codes in the keyword section of the LCD"
37549,13,82,3,2020-01-29 20:49:01.280000000,"The LCD is revised to remove CPT/HCPCS codes in the Keyword Section of the LCD.<br />"
37561,15,82,3,2019-11-22 00:02:11.540000000,"Revision based on CR 10901"
37564,12,82,3,2019-09-27 19:49:15.947000000,"Revision based on CR 10901"
37575,16,82,3,2021-01-22 19:25:45.543000000,"Annual Review"
37578,16,82,3,2021-03-22 20:03:19.097000000,"Annual review"
37581,17,55,3,2021-05-18 14:48:09.377000000,""
37598,15,55,3,2021-05-20 17:08:01.513000000,""
37602,11,55,3,2021-07-16 13:44:00.977000000,""
37606,13,105,3,2019-09-24 10:37:36.583000000,""
37608,13,55,3,2021-07-30 13:35:04.430000000,""
37612,18,55,3,2021-05-26 21:19:49.343000000,""
37616,10,55,3,2020-11-23 17:04:22.723000000,""
37618,10,55,3,2020-11-23 17:06:39.263000000,""
37620,13,55,3,2021-08-03 13:50:21.013000000,""
37622,13,55,3,2021-08-03 13:55:44.863000000,""
37628,21,55,3,2021-02-16 20:47:28.413000000,""
37630,20,55,3,2021-02-16 20:52:16.150000000,""
37632,26,57,3,2021-05-04 13:40:38.277000000,""
37633,26,55,3,2020-08-03 18:23:41.157000000,""
37635,13,55,3,2020-11-20 13:15:32.387000000,""
37636,17,55,3,2019-10-14 18:20:31.977000000,""
37638,23,55,3,2019-10-04 17:51:36.420000000,""
37641,12,55,3,2019-10-04 17:46:08.720000000,""
37642,14,55,3,2021-07-23 13:57:26.020000000,""
37643,24,55,3,2019-11-27 20:33:35.567000000,""
37644,18,55,3,2020-05-21 15:04:43.187000000,""
37663,14,82,3,2021-05-10 13:49:17.837000000,"Draft to final"
37673,16,55,3,2021-05-27 16:16:31.977000000,""
37675,14,55,3,2021-05-27 16:18:38.340000000,""
37697,19,82,3,2019-11-21 23:52:16.190000000,"Revision based on CR10901"
37709,19,55,3,2021-07-30 19:40:59.857000000,""
37713,9,55,3,2019-10-04 18:01:41.523000000,""
37725,22,55,3,2020-12-04 20:44:49.897000000,""
37729,14,82,3,2020-01-28 17:48:10.210000000,"The LCD is revised to remove CPT/HCPCS codes in the Keyword Section of the LCD."
37733,12,55,3,2021-06-03 13:03:17.680000000,""
37733,12,76,3,2021-06-03 13:03:17.680000000,""
37738,12,82,3,2020-01-29 21:18:07.857000000,"The LCD is revised to remove CPT/HCPCS codes in the Keyword Section of the LCD.<br />"
37748,20,55,3,2020-11-11 19:30:36.967000000,""
37750,20,55,3,2020-11-11 19:28:52.723000000,""
37761,16,55,3,2020-08-06 16:03:51.390000000,""
37764,12,82,3,2020-10-19 15:04:28.660000000,"Review"
37766,16,82,3,2021-07-27 12:00:46.880000000,"Review"
37768,13,82,3,2021-12-20 13:52:49.013000000,"Draft to Final"
37770,10,82,3,2021-05-17 17:16:06.853000000,"Review"
37772,10,82,3,2021-07-14 12:33:45.323000000,"review"
37774,11,55,3,2019-10-14 18:34:46.973000000,""
37779,16,55,3,2021-07-23 13:56:38.510000000,""
37787,11,55,3,2021-05-26 12:25:19.627000000,""
37790,14,82,3,2021-08-10 17:01:37.293000000,"Annual Review"
37792,16,76,3,2019-11-08 16:34:32.013000000,""
37794,18,55,3,2021-10-19 16:25:09.617000000,""
37798,13,70,3,2019-11-15 22:09:04.983000000,""
37800,16,70,3,2021-05-21 14:36:32.823000000,""
37808,20,55,3,2020-09-02 13:00:28.323000000,""
37808,20,76,3,2020-09-02 13:00:28.323000000,""
37810,8,105,3,2019-09-24 10:41:30.897000000,""
37822,16,55,3,2021-12-27 15:43:32.720000000,""
37824,16,55,3,2021-12-27 15:55:37.463000000,""
37826,21,55,3,2021-06-10 12:59:56.330000000,""
37832,17,55,3,2021-11-09 21:40:22.290000000,""
37848,13,55,3,2021-09-03 12:50:54.317000000,""
37851,11,105,3,2019-10-11 13:17:11.363000000,""
37857,17,55,3,2021-06-15 15:53:34.997000000,""
37859,12,64,3,2021-10-29 18:26:10.987000000,""
37863,21,55,3,2020-05-21 15:00:06.953000000,""
37870,19,55,3,2021-10-06 13:14:45.420000000,""
37873,11,55,3,2021-03-29 18:13:49.377000000,""
37879,19,64,3,2021-11-10 21:50:38.613000000,""
37881,17,64,3,2021-11-10 21:47:27.197000000,""
37887,20,55,3,2021-09-09 17:38:59.070000000,""
37891,19,55,3,2021-09-09 17:40:07.740000000,""
37893,30,82,3,2020-11-06 12:54:16.223000000,"To assure beneficiary access to care."
37897,15,55,3,2021-10-05 13:58:55.607000000,""
37899,13,55,3,2021-10-05 14:08:40.890000000,""
37903,12,82,3,2020-03-25 17:31:18.707000000,"Annual Review"
37905,12,55,3,2021-06-17 22:34:34.087000000,""
37907,11,55,3,2021-10-29 12:15:19.630000000,""
37913,11,76,3,2021-10-19 13:42:48.077000000,""
37919,8,55,3,2021-06-18 19:20:56.653000000,""
37921,14,82,3,2021-09-20 16:40:45.667000000,"Review"
37923,10,82,3,2021-12-20 14:44:01.357000000,"Review"
37929,8,105,3,2019-10-17 19:31:06.510000000,""
37943,6,82,3,2019-12-06 14:04:56.627000000,""
38014,7,105,3,2019-09-11 17:36:17.103000000,""
38016,11,55,3,2020-10-26 13:45:24.537000000,""
38018,11,55,3,2020-11-18 18:49:06.550000000,""
38026,14,55,3,2021-04-14 13:03:47.140000000,""
38033,9,55,3,2021-07-09 16:58:51.717000000,""
38043,9,55,3,2021-12-27 15:35:38.857000000,""
38045,14,55,3,2021-06-17 15:09:29.117000000,""
38047,9,55,3,2021-06-28 19:15:38.157000000,""
38051,12,55,3,2021-12-13 19:12:10.093000000,""
38065,8,55,3,2021-12-22 16:14:43.327000000,""
38067,8,82,3,2022-01-19 20:00:10.490000000,"Annual Review"
38070,6,55,3,2021-06-30 23:30:11.843000000,""
38111,6,55,3,2021-12-13 16:47:28.830000000,""
38119,8,55,3,2021-06-28 19:31:24.877000000,""
38121,7,55,3,2021-06-28 19:37:32.800000000,""
38123,9,55,3,2021-06-28 16:11:39.920000000,""
38125,8,55,3,2021-06-28 16:12:29.633000000,""
38158,7,82,3,2021-06-18 19:38:15.200000000,""
38168,7,57,3,2021-12-20 16:17:08.590000000,""
38176,7,55,3,2021-06-29 19:07:15.903000000,""
38178,5,55,3,2021-12-20 15:07:58.127000000,""
38201,15,82,3,2021-09-30 22:37:02.723000000,"Annual Review"
38211,7,82,3,2021-09-20 15:48:22.443000000,"Review"
38213,7,55,3,2021-06-22 13:40:57.180000000,""
38229,8,82,3,2019-11-15 16:19:00.870000000,"Addition of Notice Period Start Date and Notice Period End Date"
38231,19,75,3,2020-11-13 19:08:12.100000000,""
38238,7,55,3,2022-01-03 21:17:37.503000000,""
38240,11,55,3,2020-12-04 18:35:50.370000000,""
38249,7,55,3,2020-12-02 01:42:37.373000000,""
38268,4,82,3,2021-02-24 22:48:25.023000000,"Annual Review"
38274,6,55,3,2021-12-22 20:11:51.230000000,""
38284,6,55,3,2021-12-30 01:01:05.520000000,""
38288,6,55,3,2021-12-22 16:16:16.147000000,""
38299,17,55,3,2021-08-12 21:29:51.007000000,""
38301,17,55,3,2021-08-12 21:30:47.753000000,""
38307,6,82,3,2021-03-19 18:06:49.390000000,"Annual REview"
38310,7,82,3,2020-01-26 20:09:16.573000000,"Removed the CPT Codes in the Keyword Section only."
38327,5,55,3,2021-12-27 16:18:45.590000000,""
38329,5,55,3,2021-12-27 16:19:43.293000000,""
38331,15,55,3,2022-01-10 20:44:24.590000000,""
38333,13,55,3,2022-01-10 20:52:50.807000000,""
38351,6,55,3,2021-12-23 14:38:28.437000000,""
38353,6,55,3,2021-12-23 14:40:47.420000000,""
38367,24,55,3,2020-09-15 20:37:59.127000000,""
38367,24,70,3,2020-09-15 20:37:59.127000000,""
38378,12,82,3,2021-03-19 18:08:12.167000000,"Annual Review"
38387,7,55,3,2020-02-14 20:35:09.700000000,""
38387,7,76,3,2020-02-14 20:35:09.700000000,""
38396,18,70,3,2021-03-05 13:45:12.130000000,""
38429,5,82,3,2021-12-20 15:51:31.467000000,"Review"
38433,5,82,3,2022-01-19 14:02:47.810000000,"Review"
38435,6,75,3,2020-08-12 17:04:50.767000000,""
38441,7,82,3,2022-01-19 13:53:28.793000000,"Review"
38443,5,82,3,2021-12-20 15:59:49.750000000,"Review"
38551,8,55,3,2021-11-04 13:13:58.040000000,""
38560,6,83,3,2020-04-17 15:31:45.950000000,""
38560,6,104,3,2020-04-17 15:31:45.950000000,"Reconsideration Request"
38565,6,83,3,2020-04-17 15:33:42.353000000,""
38567,4,83,3,2020-04-17 15:32:47.963000000,""
38569,7,104,3,2020-04-17 15:30:48.807000000,"Reconsideration Request"
38571,8,64,3,2021-12-16 15:07:11.033000000,""
38575,3,83,3,2020-04-17 15:34:24.733000000,""
38581,3,83,3,2020-05-18 13:42:59.290000000,""
38583,3,83,3,2020-05-18 13:43:48.333000000,""
38585,3,83,3,2020-05-18 13:44:24.643000000,""
38587,3,83,3,2020-05-18 13:46:15.087000000,""
38588,4,83,3,2020-05-18 13:41:42.487000000,""
38612,5,98,3,2020-05-01 19:04:47.820000000,""
38614,5,98,3,2020-05-01 19:05:31.147000000,""
38628,4,98,3,2020-05-14 19:13:14.897000000,""
38630,4,98,3,2020-05-14 17:44:20.270000000,""
38631,4,97,3,2020-05-14 14:46:57.613000000,""
38632,3,98,3,2020-05-14 19:09:21.177000000,""
38633,3,98,3,2020-05-14 15:17:41.743000000,""
38642,4,98,3,2020-05-14 15:51:38.393000000,""
38644,4,97,3,2020-05-14 15:56:04.100000000,""
38646,6,98,3,2020-05-14 17:25:01.463000000,""
38648,5,98,3,2020-05-14 17:30:10.743000000,""
38662,5,82,3,2021-09-22 18:13:56.037000000,"Annual Review"
38670,4,97,3,2020-05-14 19:24:29.640000000,""
38674,3,104,3,2020-05-20 16:53:09.940000000,"Reconsideration request"
38675,3,83,3,2020-05-20 15:36:46.473000000,""
38675,3,104,3,2020-05-20 15:36:46.473000000,"Reconsideration Request to the MolDX Contractor"
38677,2,83,3,2020-05-20 11:59:17.800000000,""
38679,2,83,3,2020-05-19 18:36:38.500000000,""
38683,2,83,3,2020-05-20 13:55:30.220000000,""
38736,6,98,3,2020-08-28 15:22:51.233000000,""
38737,8,55,3,2021-12-09 13:54:28.390000000,""
38743,6,55,3,2021-11-15 17:01:29.760000000,""
38745,7,55,3,2021-09-03 13:42:50.860000000,""
38769,6,55,3,2021-09-03 12:49:57.247000000,""
38770,7,83,3,2020-09-11 22:56:00.187000000,""
38777,7,55,3,2021-12-10 23:55:48.880000000,""
38778,7,83,3,2020-09-18 14:42:41.227000000,""
38788,21,83,3,2020-09-16 21:20:28.280000000,""
38788,21,98,3,2020-09-16 21:20:28.280000000,""
38800,8,98,3,2020-09-18 23:40:34.470000000,""
38802,6,98,3,2020-09-19 02:14:36.910000000,""
38813,4,98,3,2020-09-23 16:12:59.837000000,""
38815,3,98,3,2020-09-23 16:14:12.870000000,""
38821,3,83,3,2020-09-24 14:21:09.473000000,""
38824,9,56,3,2021-10-30 02:01:34.360000000,""
38826,7,56,3,2021-10-30 02:45:20.427000000,""
38834,2,83,3,2020-09-22 19:54:21.093000000,""
38835,4,75,3,2021-11-12 18:42:37.947000000,""
38836,2,83,3,2020-09-23 14:55:57.567000000,""
38836,2,97,3,2020-09-23 14:55:57.567000000,""
38838,2,83,3,2020-09-23 15:43:21.453000000,""
38838,2,98,3,2020-09-23 15:43:21.453000000,""
38840,2,83,3,2020-09-23 16:42:43.057000000,""
38841,5,82,3,2021-05-17 16:06:07.340000000,""
38842,33,98,3,2020-10-23 11:41:57.523000000,""
38845,17,98,3,2020-10-23 11:44:13.747000000,""
38849,8,98,3,2020-10-23 13:45:04.630000000,""
38850,9,98,3,2020-10-23 13:46:27.063000000,""
38853,7,83,3,2021-01-27 12:25:02.840000000,""
38876,10,104,3,2021-01-08 14:47:34.937000000,"Request for coverage by a practitioner"
38877,4,104,3,2021-01-08 14:48:18.233000000,"Request for coverage by a practitioner"
38897,8,94,3,2020-12-11 14:35:17.553000000,""
38900,8,94,3,2020-12-10 19:29:42.463000000,""
38901,11,83,3,2021-01-22 22:36:55.840000000,""
38903,5,83,3,2021-01-22 23:04:24.747000000,""
38912,7,97,3,2021-01-08 15:54:10.827000000,""
38913,6,97,3,2021-01-08 15:55:41.943000000,""
38915,7,104,3,2021-01-08 14:51:27.670000000,"to establish prepay editing"
38917,7,104,3,2021-01-08 14:52:31.287000000,"to establish prepay editing"
38919,6,83,3,2021-02-03 13:07:21.847000000,""
38921,16,98,3,2021-01-08 19:41:16.357000000,""
38922,16,95,3,2021-01-08 19:38:35.367000000,""
38925,6,95,3,2021-01-08 19:39:56.570000000,""
38926,23,82,3,2021-09-03 12:10:12.453000000,"In response to an inquiry"
38927,11,98,3,2021-01-08 19:52:31.253000000,""
38928,18,95,3,2021-01-08 19:44:34.313000000,""
38931,10,95,3,2021-01-08 19:45:36.277000000,""
38936,5,83,3,2021-01-27 12:19:06.130000000,""
38940,5,83,3,2021-01-27 21:51:28.267000000,""
38949,7,104,3,2021-02-18 13:13:03.580000000,"Request for Coverage by a Manufacturer"
38950,8,104,3,2021-02-19 15:46:26.223000000,"Request for Coverage by a Manufacturer"
38951,8,104,3,2021-02-19 15:33:45.890000000,"Request for Coverage by a Manufacturer"
38952,9,83,3,2021-02-19 16:31:31.947000000,""
38954,10,83,3,2021-02-19 14:46:13.040000000,""
38965,3,83,3,2021-05-14 16:52:01.210000000,""
38967,4,83,3,2021-05-26 12:15:31.893000000,""
38969,3,83,3,2021-05-14 15:44:29.603000000,""
38971,4,83,3,2021-05-13 00:35:47.573000000,""
38971,4,98,3,2021-05-13 00:35:47.573000000,""
38973,4,83,3,2021-05-13 01:20:52.917000000,""
38973,4,98,3,2021-05-13 01:20:52.917000000,""
38979,4,83,3,2021-05-14 15:45:17.450000000,""
38984,7,83,3,2021-05-14 16:47:16.763000000,""
38986,5,83,3,2021-05-14 16:54:58.747000000,""
38987,11,83,3,2021-05-14 16:48:22.933000000,""
38991,5,83,3,2021-06-15 19:54:50.853000000,""
38993,7,83,3,2021-05-14 15:43:53.080000000,""
38993,7,98,3,2021-05-14 15:43:53.080000000,""
38995,4,83,3,2021-06-16 13:58:48.920000000,""
38996,5,83,3,2021-06-16 13:56:51.987000000,""
38998,4,83,3,2021-05-11 22:02:31.633000000,""
38999,3,83,3,2021-05-11 22:16:34.203000000,""
39000,3,83,3,2021-05-13 22:24:54.390000000,""
39000,3,97,3,2021-05-13 22:24:54.390000000,""
39002,3,83,3,2021-05-14 06:44:43.170000000,""
39002,3,97,3,2021-05-14 06:44:43.170000000,""
39004,6,83,3,2021-05-11 16:20:43.527000000,""
39004,6,98,3,2021-05-11 16:20:43.527000000,""
39006,5,83,3,2021-05-11 16:21:32.370000000,""
39006,5,98,3,2021-05-11 16:21:32.370000000,""
39010,4,83,3,2021-05-11 20:04:32.140000000,""
39010,4,98,3,2021-05-11 20:04:32.140000000,""
39011,4,83,3,2021-05-11 20:05:36.293000000,""
39011,4,98,3,2021-05-11 20:05:36.293000000,""
39014,6,83,3,2021-06-15 20:14:25.460000000,""
39016,5,83,3,2021-06-15 20:19:20.913000000,""
39022,10,83,3,2021-06-15 20:15:25.993000000,""
39024,4,83,3,2021-07-14 14:39:04.317000000,""
39026,10,83,3,2021-05-28 17:35:28.370000000,""
39026,10,98,3,2021-05-28 17:35:28.370000000,""
39035,7,83,3,2021-05-26 15:58:28.930000000,""
39035,7,98,3,2021-05-26 15:58:28.930000000,""
39037,4,83,3,2021-06-15 20:22:18.050000000,""
39039,2,83,3,2021-05-10 15:08:28.160000000,""
39041,2,83,3,2021-05-10 15:35:04.620000000,""
39043,2,83,3,2021-05-10 16:30:15.320000000,""
39045,3,83,3,2021-05-10 17:24:05.543000000,""
39050,2,83,3,2021-05-17 13:11:39.943000000,""
39052,3,83,3,2021-05-17 15:02:06.023000000,""
39053,2,83,3,2021-05-17 14:29:02.173000000,""
39057,5,83,3,2021-06-19 00:50:47.603000000,""
39059,4,83,3,2021-06-19 00:57:25.693000000,""
39061,27,98,3,2021-06-04 12:34:48.870000000,""
39062,14,99,3,2021-06-04 12:41:17.793000000,""
39067,10,104,3,2021-06-04 10:42:16.407000000,"Request for coverage by a practitioner"
39069,16,98,3,2021-06-04 12:35:37.833000000,""
39070,5,104,3,2021-06-04 10:42:58.383000000,"Request for coverage by a practitioner"
39072,6,99,3,2021-06-04 12:42:10.020000000,""
39074,5,83,3,2021-05-27 18:44:12.733000000,""
39074,5,98,3,2021-05-27 18:44:12.733000000,""
39076,3,83,3,2021-05-27 18:43:14.290000000,""
39076,3,98,3,2021-05-27 18:43:14.290000000,""
39079,13,83,3,2021-07-14 17:15:15.320000000,""
39081,7,98,3,2021-07-23 10:37:13.727000000,""
39082,6,82,3,2021-12-23 12:41:08.990000000,"Typo"
39083,7,98,3,2021-07-23 10:37:57.443000000,""
39084,5,75,3,2021-12-23 12:43:47.003000000,""
39085,8,83,3,2021-09-17 15:00:04.323000000,""
39096,4,83,3,2021-07-29 18:34:07.063000000,""
39096,4,84,3,2021-07-29 18:34:07.063000000,""
39097,4,83,3,2021-07-29 18:34:52.500000000,""
39097,4,84,3,2021-07-29 18:34:52.500000000,""
39098,10,98,3,2021-07-23 12:43:32.720000000,""
39099,8,98,3,2021-07-23 12:45:41.260000000,""
39112,7,83,3,2021-09-22 12:04:03.327000000,""
39112,7,104,3,2021-09-22 12:04:03.327000000,"Reconsideration Request"
39119,3,83,3,2021-09-01 13:29:26.983000000,""
39120,4,83,3,2021-09-17 15:42:15.363000000,""
39122,3,83,3,2021-09-22 16:59:29.243000000,""
39122,3,92,3,2021-09-22 16:59:29.243000000,""
39123,3,83,3,2021-09-01 20:27:10.880000000,""
39156,3,104,3,2021-09-22 12:00:29.753000000,"Retirement of LCD"
39169,7,94,3,2021-09-23 20:33:20.067000000,""
39170,11,104,3,2021-09-24 18:09:13.527000000,"Request for Coverage by a Manufacturer"
39229,3,98,3,2022-01-14 14:58:43.570000000,""
39231,3,97,3,2022-01-14 15:05:38.370000000,""
39234,5,83,3,2022-01-14 17:46:50.477000000,""
39235,4,83,3,2022-01-14 17:49:57.777000000,""
39243,3,83,3,2022-01-19 13:43:24.230000000,""
39246,3,83,3,2022-01-19 13:26:30.437000000,""
39246,3,96,3,2022-01-19 13:26:30.437000000,""
